111650000374	1030
110770000177	1536
310050000151	176
310050000149	437
310050000059	375
111070000626	45
110770000051	329
110640000056	2580
111070000370	149
111070000514	68
110640000058	1840
110640000222	955
111070100456	24
111290000417	273
111290000500	83
111290000448	113
110640000057	208
110640000406	241
007061000024	869
111290000554	914
111070000290	86
111070000930	295
111070000512	9
111070100435	112
111070100584	155
111130000331	281
110650000573	36
110650100796	633
111070000721	14
111170000542	231
111310000492	585
111170000114	406
111070000839	40
110770000071	120
111070000875	105
111170000435	260
111130000363	47
111130000213	99
110650000496	158
110650000564	514
111970000599	1053
111970000365	53
310050000150	338
111310100476	11
111070000599	92
111290000549	47
111310000561	225
111310100541	16
111290000550	88
110650000278	486
110650000314	140
111650000266	50
111290100503	199
310050000148	129
110770000117	71
111070100866	44
310050000058	99
111290000014	116
111130000405	112
310480000001	566
111410000137	421
310050000037	267
310050000072	257
111970000865	1042
111270100247	262
111290000318	367
111070000458	410
111070000860	5082
111070000889	946
111310100563	208
111290000323	70
111270000210	106
111970000637	244
111970100770	68
110650000400	80
111170000277	50
111130000355	237
310480100010	286
310480100009	529
111290000421	67
111970000632	3267
310050000008	333
111970000562	270
110640000279	761
111070000861	51
111070000507	128
310050000045	293
310050000070	137
310050000110	257
111970000322	482
110650000470	31
001121000001	621
110650000776	1236
111130000657	717
111290000490	116
111130000163	109
111650000251	213
111070000706	308
110640000199	772
110640000096	238
110640000163	695
111380000184	269
111170000255	380
111170000097	308
111970000844	2594
111170000339	490
111170000108	27
111170000185	56
111070000412	88
111970000353	15
111970000570	31
111410000318	126
110640000210	790
111650000220	82
310050000065	136
110650000582	1008
110650000788	266
110650000563	2307
002081000031	367
111270000128	144
111650000200	296
111650000195	319
002091000014	23
611121000193	12
002091000013	18
111970000615	38
111771000661	3
110650000787	26
220220000113	10
180040000018	26
002061000274	29
111130000495	22
002151000003	4
110650000490	98
002051000019	16
170070000005	95
170070000002	224
170070000008	55
170070000003	88
180040000019	7
180040000021	11
111970000616	8
111070000946	1741
111270000131	64
002061000261	47
002061000065	32
110650000549	414
111970000612	1003
002061000259	163
611121000192	50
111380000187	27
110650000428	130
002161000017	35
111771000663	15
110650000332	781
110650100775	231
110650000665	539
002111000001	18
180040000020	7
111970000320	47
111970000613	24
111970000598	67
111070000652	284
111130000239	53
220220000034	16
111771001502	30
002161000018	9
110650000312	57
111970000633	29
111771001531	37
111771000934	29
111970000485	23
002061000549	112
111270000165	638
002061000521	79
002061000297	15
111650000254	216
110640000285	103
110640000172	78
002071000036	20
111860000035	775
110640000244	502
110650000473	416
007011000611	151
007011000568	180
111290000098	190
007011000609	132
007011000491	48
111860000025	165
007011000602	206
007011000610	30
110770000171	1112
120100000001	1165
002081000043	427
002081000059	79
002081000046	31
002081000058	124
180041000007	71
007011000439	54
111970000606	69
111860000024	112
611121000231	33
111970000474	478
611121000121	17
002061000114	33
111290000552	26
111860000036	134
007061000020	16
110650000381	233
001051000027	82
002081000060	45
003021000002	20
111970000775	222
310480100005	160
310480000002	282
310050000152	130
310050000145	500
310050000051	215
002061000559	177
310050000057	50
111970000466	712
111970000520	481
111380000043	11
111380000141	6
111380000010	16
111380000088	70
111380000062	26
111380000091	65
111380000093	7
111380000149	21
111130000543	50
111070000508	138
111970000567	36
111070000582	37
111970000495	92
310050100153	340
110650000510	86
111130000395	35
111380000140	14
111270000246	37
001081000003	11
111650000166	2696
111650000090	71
111650000168	88
111650000089	76
111650000380	23
111650100105	76
111650000205	68
111650000213	377
111650000216	68
111650000230	148
111650000137	124
111650000226	104
111650000189	78
111650000176	104
111650000206	70
111650000217	131
111650000202	207
111650000218	69
111650000161	104
111650000285	216
111650000385	54
111970000864	254
310050100086	422
310050000097	1067
310050000028	242
110770000064	1039
111070000513	592
150100000017	454
002061000205	306
008011000045	16
008011000028	4
008011000024	11
111130000313	117
002061000435	68
111130000406	23
111130000247	17
111130000377	114
111130000385	42
111970000555	57
111970000702	107
111970000488	35
111970000342	41
111970000351	22
111170000078	288
111290000150	68
111310000326	86
111130000425	85
111170000278	91
111290000555	44
110640000200	1754
110650100680	631
110650000689	168
111170000214	193
111170000068	59
007011000606	166
111970000323	1063
111290000556	164
111270100225	181
111970000317	185
111130000692	59
111130000243	67
111650000141	101
111290000397	301
111290100586	10
111290000659	272
111290100601	10
111290000661	249
111290100629	4
110640000179	254
008011000033	161
110640000322	517
111130000375	51
111130000393	57
110640100325	201
150100000014	82
111970000554	53
111970000348	22
111970000396	21
111130000397	40
110030000001	90
111290000505	31
111130000448	33
111170000180	27
111170000079	227
111170000227	58
111170000228	57
111170000250	23
111930000006	14
110650000190	129
002061000478	34
111270000050	165
007011000484	24
111930000003	420
111970000867	336
111970000655	173
111970000503	24
111771001402	8
111170000164	13
111130000286	81
177770000003	155
111170000543	74
111970000478	60
111970000577	58
111070000939	7420
002061000439	66
002011000080	320
002011000001	91
110640000268	437
111070000743	142
111070000672	61
002071000026	48
002111000016	1
002111000051	19
611121000402	82
120100000002	194
120100000020	277
180041000001	223
002061000079	202
002081000023	27
002081000048	14
002081000022	78
002081000007	25
002081000002	97
180040000015	85
180040000014	195
002071000003	13
002011000071	82
180040000024	15
002061000138	135
111070000623	169
002071000018	45
611121000077	39
002011000003	25
002111000042	11
002011000067	18
611121000134	20
002071000014	16
611121000094	11
611121000060	7
111130000494	5
111771001049	105
180040000009	73
180041000003	71
002061000125	35
002061000168	55
002011100065	8
002011100064	14
002111000057	6
002061000358	57
111070000890	945
002011000002	17
002011000024	7
120100000019	407
120100000009	488
002051000004	11
002091000005	24
002071000017	13
611121000061	20
611121000398	272
611121000389	36
180040000017	6
002011000005	183
111771001249	84
111130000421	56
120100000005	63
111130000501	8
110650000534	60
111130000223	29
111130000512	37
111771000572	22
111771001191	30
002161000026	20
611121000085	15
002061000360	6
111070000628	51
000511000024	2
111270000102	321
111410000118	486
110100000032	255
110770000018	623
110770000176	601
111970000800	105
001081000022	66
007011000585	157
111970000429	1146
110650000497	286
611121000148	77
002061000225	48
111170000557	550
111380000195	65
111170100160	137
111130000703	189
111270100241	245
007011000432	4
110770000076	301
110640000152	385
110640000201	353
111290000437	583
111130000691	670
111900000007	22
002061000099	74
177770000039	20
110770000168	95
002011000078	436
111270000142	683
110640000306	153
110650000751	677
002011000079	521
002011000019	151
110770000133	187
111650000386	240
110650000593	93
110650000791	284
120100000015	132
002011000058	11
111380000158	28
002061000558	259
111771000795	175
002061000557	450
310050000047	221
310050000048	183
120100000014	37
111810000019	44
002081000054	117
002011000022	52
220220000022	33
111610000034	37
111610100074	32
111610100055	71
111610000054	202
111650100379	214
150100000002	15
110640000187	552
611121000112	365
111170000122	226
110640000407	116
110650000576	372
002081000040	135
150100000011	16
111070000904	514
111290000488	47
111310100643	20
002071000048	80
111270000245	157
111290000491	21
008011000043	52
111070000949	101
110650000475	420
110650000499	364
111910000002	84
111970100575	124
111970000250	10
111970000398	14
111970000450	20
111970000121	20
111970000399	23
111970000558	26
111970000302	42
111970000403	16
111970000489	31
111170000273	121
111130000655	7
111170000515	20
111130000656	38
111170000452	12
111170000230	29
111380000221	35
220010000316	72
111130000694	307
001131000035	17
111380000223	81
111270000080	368
000521000036	23
111970100576	51
111380000113	23
111290100622	30
111310000436	47
111970000682	50
111771000774	31
003021000106	66
110650000395	82
111130000653	123
111771000943	6
111170000540	79
111170000092	27
111970000362	139
111310100461	36
111310000207	37
111410000218	143
111410000182	225
111130000423	158
111290000496	41
110640000257	651
111290000557	66
110640000289	936
111130000542	403
111310000364	125
005021000179	12
111290000320	61
111410100331	38
110640000258	454
110640000261	151
110640000184	771
110640000209	259
110640000380	539
110640000178	192
001051000021	45
220220000112	67
220010000112	86
111380000106	14
111771001012	26
111970000082	16
111970000352	6
111290100621	19
111290000391	55
111270000208	94
001091000036	3
310300000001	16
150100000027	32
111270000081	221
111270000243	246
111650000147	90
007061000027	3
004031000004	3
007051000057	1
765001000019	6
110640000055	213
111310000199	24
110640000259	179
110640000269	195
110640000294	136
110640000241	111
111650000177	317
111650000178	337
111650000263	137
111290000353	261
111650000225	105
002061000517	40
111270000129	75
111771001153	11
002061000426	68
110640000394	97
110640000063	292
005021000107	5
110640000263	61
005021000057	19
310050100154	297
110640000283	136
110640000170	426
005021000129	12
005021000130	22
110640000243	160
111170000547	48
001051000002	51
111650000214	174
005021000117	19
005021000118	26
005021000081	5
000511000254	18
000511000280	7
000511000248	9
000511000150	29
000511000146	25
000511000076	14
000521000032	30
000511000079	10
111070000399	14
111070000250	24
005021000025	4
005021000026	5
111771001048	27
005021000085	6
005021000150	26
005021000152	15
111771000607	2
111650000388	18
005021000080	12
005021000065	13
111650000139	122
110100000028	97
002061000545	35
005021000106	4
005021000093	9
003021000034	24
111771001006	21
111970000850	653
000521000029	35
000521000007	44
000511000075	61
000511000080	24
005021000190	9
111650000308	34
000521000002	19
000521000020	28
000521000034	54
000521000001	18
002061000476	36
002061000548	66
002091000007	86
111290000553	165
111270000132	168
111270000158	255
111771000728	14
002061000406	228
002061000341	20
002061000561	18
007061000006	30
002061000049	229
002061000061	31
002061000042	76
002061000496	52
002061000536	17
002061000560	47
002091000021	22
002061000527	60
002061000504	18
002061000429	50
002081000033	45
002061000229	33
002091000015	23
002091000011	23
111270000114	160
110650000374	1068
002061000352	9
007061000012	6
002061000340	12
111771001046	42
002081000034	208
002061000508	22
002061000141	89
002061000526	91
002061000525	97
002061000479	78
002061000522	143
002061000222	15
002091000004	38
002061000043	70
111270000211	129
111070000395	41
111070000062	35
007011000286	21
111070000236	46
002011000012	85
002081000015	55
111070000172	36
111771001538	53
110650000799	27
002061000523	8
002061000339	17
111170000156	76
111970000634	86
111070000597	77
111070000913	59
111070100917	20
002061000136	33
002061000140	19
002061000137	30
111070000310	30
002011000025	37
002011000021	167
002011000037	31
005021000058	21
005021000078	4
002061000343	14
002011000077	9
002011000069	66
002011000070	19
110650000533	53
110650000691	53
111070000593	17
111070000381	34
111070000493	10
611121000239	76
000511000071	12
000511000068	20
000511000070	13
005021000122	5
611121000393	293
611121000404	143
111070100916	5
111970000498	30
001121000012	79
002081000017	24
002081000019	13
002081000037	35
002071000047	63
002071000004	44
110640000410	155
002081000010	105
111970000514	17
110640000062	582
111771001005	10
110640000262	67
110640000298	373
110640000064	91
008011000040	34
110640100293	292
110640000066	149
111771001533	17
177770000029	48
111771001248	56
111650000381	52
111130000338	51
111650000203	57
111771000949	6
111771000930	27
111771000917	7
110650000587	42
111310000219	143
008011000049	11
310050100155	63
220220000149	127
110650000447	23
111290100508	20
111290000504	136
002061000105	40
110650000508	26
999990000093	224
111771000927	18
111070000643	21
002061000150	66
110640000223	55
110640000245	53
110640000246	79
110640000281	165
111650000373	53
111650000211	111
220220000069	250
111650000133	97
111970100601	61
110650000761	120
111270100251	38
111771001042	87
111650000212	98
110640000293	130
110640000296	147
111650100144	129
220220000153	43
005031000010	110
111650100146	231
111170100138	483
002071000025	19
111130000198	145
110650000562	42
003021000072	37
003021000025	51
111771001081	123
111771001082	264
111771000629	4
111410000132	589
111410000147	305
111410000212	119
111771000839	10
002061000064	128
002061000059	16
111310000432	67
111130000541	24
110640000171	76
110640000282	166
111270000115	32
002091000025	7
110650000560	39
002061000104	22
000511000162	10
002121000014	8
111290000038	33
110640000140	96
111130000280	53
111130000314	16
110650100740	221
110650000449	32
110650000603	160
111771000894	23
003021000049	26
003021000017	15
002061000112	18
002061000113	9
120100000004	24
005021000127	27
111860000011	112
611121000091	45
611121000163	55
611121000067	219
003021000005	38
003021000110	113
003021000104	40
003021000080	17
003021000054	40
003021000077	46
003021000071	18
000521000022	4
000521000035	10
111860000010	106
000521000005	3
000521000003	13
003031000004	41
001081000023	90
003021000029	40
003021000107	34
003021000055	9
003021000102	43
111860000017	47
111860000007	19
111860000009	32
002081000049	17
002081000005	158
611121000117	7
111771000932	54
111771000935	14
111771000733	26
002061000005	17
611121000240	49
002061000173	54
110650000588	704
180041000006	81
002061000292	25
111771001314	49
002061000407	36
611121000399	83
170020000003	43
111771001514	21
002071000011	3
110650000604	136
111070000631	31
111771000710	74
002091000001	38
002081000011	104
002091000006	33
611121000238	105
002091000030	8
611121000080	78
180040000023	14
111810000011	9
611121000315	136
611121000064	80
002081000053	142
110650000574	31
220220000121	19
111130000085	18
111130000551	47
220220000089	140
111660000002	64
110640000270	71
220220000066	9
111130000367	85
110650000790	26
111970000288	46
111070000745	14
111830000014	19
111830000017	11
111830000023	8
111130000304	30
111830100019	8
110640000272	46
170070000001	81
111650000125	145
111970000563	208
111410000185	157
111410000149	74
111290000520	11
111290000518	63
111290100584	19
111290100354	31
110650000565	128
111290000517	180
111290000436	70
111290000545	49
111290000366	71
111290000390	82
111290000544	23
111270000167	96
150100000007	8
150100000009	23
111610100056	175
310090000009	308
111290000442	222
111270000143	44
111310000214	109
111610000036	174
111290000507	73
111290000506	70
111290000073	182
111290000308	100
111290000455	56
111310000406	74
150100100025	167
150100000016	55
111290000485	48
111290000559	36
111290000282	36
005021000139	11
310050000064	97
111650000209	97
220220000140	109
310050000098	129
110640000078	384
111290000268	249
110640000069	128
111970000012	139
111270100107	200
111270000049	83
111170100137	101
110650000634	13
111170000563	1271
111130100710	635
002061000427	56
111970000875	110
110770000074	203
110770000101	107
111970000803	9
170010000588	80
110770000078	202
111170000562	854
005031000013	150
110770000145	320
110770000129	18
110770000130	43
110770000128	31
110770000125	6
111850000021	35
005041000001	25
008011000007	24
110100000020	81
003021000083	50
111130000389	41
111130100391	64
111170100554	139
111650000372	73
111170000141	72
319980000128	179
319980000083	102
111170000429	211
170010000575	9
170010000577	5
170010000576	27
111610000001	203
111410100343	11
111410100339	24
111410100336	15
111410100335	19
111410100337	17
111410100342	34
111410100341	20
111290100605	10
111290100607	5
110640000416	315
111130000707	370
111610100061	22
111610100072	25
111610100075	19
111610100062	17
111610100063	22
111610100064	17
111610100071	27
111610100073	46
111610100042	53
111610000017	22
111610100094	6
111610100093	4
111610100091	1
111610100090	1
111610100088	1
111610100086	2
111610100089	1
111610100087	1
111610100085	4
111610000013	34
111610000032	67
111610000033	14
111610000035	18
111610000002	88
111610000014	28
111610000003	126
111610000015	31
111610000009	27
111610000037	40
111610000040	29
111610000006	54
111610000045	277
111610100080	1
111310000197	25
111310000200	35
111310000203	30
111310000204	13
111310000220	45
111310000213	91
111610100096	4
111290000660	106
111290000487	62
111310100644	33
111410000113	186
110640000297	147
111070000632	25
111810000001	2
111810000010	14
111810000025	9
002061000200	31
111771001160	20
001081000024	110
111270000155	118
111410100327	18
111410100300	19
111410100328	16
001041000033	7
003021000078	308
111270000163	117
111410000319	29
111410100320	68
111410100329	21
220220000043	7
111270100240	124
000511000281	70
111310100538	51
111310000514	24
007011000409	12
002081000012	54
111270100235	79
180031000007	28
111771001485	43
007011000505	3
111771000588	30
001081000039	4
007011000408	10
007011000507	9
007011000565	8
007011000562	6
007011000518	14
007011000490	46
005031000014	14
005031000018	5
005031000019	2
003031000017	13
003031000026	9
003031000016	16
002111000030	12
611121000194	16
220220000108	13
220010000295	17
611121000214	23
111070000670	47
002111000022	7
111771000660	22
111970000611	17
000241000008	10
111130000492	35
002111000050	9
002111000034	4
002151000008	3
002071000013	13
611121000196	22
111771001179	32
001081000031	9
180030000022	126
111310100549	26
110650000266	114
180031000001	40
002091000033	47
111771001190	43
002081000004	45
002061000130	59
002061000252	23
002071000006	11
002061000221	31
002071000008	12
002111000044	3
111771001535	219
111771000731	100
002081000047	11
611121000126	12
111771001516	48
111771000594	20
111771000732	42
002071000034	27
001091000029	4
170070000006	118
170070000007	145
110650000329	127
110650000489	48
110650000307	80
110650000258	43
111970000653	24
002061000253	33
002131000001	7
611121000137	68
111771001194	27
002051000002	27
002071000038	9
002061000081	53
611121000059	27
111771000659	1
111771001435	10
111771101180	17
002111000052	3
111130000255	30
002131000006	6
611121000136	15
002091000028	18
002081000024	40
002091000003	54
002081000021	22
002011000006	24
111290100637	211
111170000088	63
111170000505	116
003021000045	87
003021000067	61
003021000026	33
003021000109	55
003021000030	36
003021000006	20
003021000046	51
003021000070	26
003021000069	26
003021000011	63
003021000036	57
003021000027	58
003021000010	56
111170000541	145
111170000297	23
111170000436	44
111170000437	93
111170000215	29
111170000288	11
110650000575	159
111310000256	62
110650000789	316
111290000314	64
111290000269	30
111130000378	42
110650000504	51
110650000553	79
111650000232	60
220220000001	76
177770000002	65
111270000059	80
111771000793	212
110650000554	23
111310000160	16
002061000415	18
007011000547	204
111270000133	65
002061000124	50
111771001520	71
111970000610	50
001071000015	3
110650000786	14
111850000034	81
111310000391	93
111771001476	62
111771001537	77
111771101158	45
611121000357	150
111860000029	111
110640000411	186
110640000072	235
002111000008	29
002081000020	13
002071000041	16
177770000028	116
111771001067	36
111771001522	33
177770000030	15
177770000038	63
177770000036	13
001081000011	4
001081000021	10
180031000008	48
180031000003	19
180030000040	12
150100000013	136
001081000034	19
111130100460	105
002061000438	36
111771001163	14
111771000794	387
008011000065	39
111410100344	44
008011000041	12
110650000783	109
110650000663	52
111771001488	19
003021000053	8
003021000020	42
111860000030	54
111860000019	14
111290100577	19
111290100576	11
111290100578	20
111860000016	20
111070000809	40
111130000622	25
110650000720	9
111130000682	28
111170000549	151
111130000663	78
111130000702	95
110910000170	40
170010000582	32
111770001278	122
110640000414	138
220010000301	79
220220000157	188
111130000687	30
110650000764	43
111970000804	59
220220000150	108
220010000303	51
111070000933	53
111070000947	278
220220000151	50
220220000160	35
220220000159	21
111170000438	149
110770000167	168
111170000448	135
111830000027	14
170010000572	9
111170000420	89
220220000127	15
111070000709	63
220010000254	19
111070000686	76
111170000511	88
110650000759	83
111970000822	107
111650000382	152
111070000938	95
111130100630	273
111130100708	217
110640000412	148
111130000567	24
110650000763	49
111770001532	170
001091000018	6
001041000030	28
001041000027	18
001041000024	2
001041000031	7
180031000009	16
180030000032	12
220220100073	31
111310000413	60
002071000001	19
008011000054	6
111170000544	69
111170000124	166
001041000025	6
001041000023	2
003021000108	23
111130000525	27
002131000008	1
007011000363	30
000241000020	5
111070100611	107
111170100290	169
111070000339	43
001041000029	7
001041000026	1
001041000011	1
001041000012	1
111130100712	303
007011000605	29
111771001455	22
220220000050	50
220220000067	40
111070000678	8
111310000360	49
111310000361	38
007011000574	152
111310000215	57
111310000337	40
111310000351	122
111310000354	45
111310000358	11
111310100544	15
111310100616	9
111310100619	11
111290000519	7
111290100640	3
111290100603	8
111290100587	4
111270000156	77
111270000146	137
110640000215	113
110640000252	110
111270000154	146
111270000244	142
111270000164	247
111270000137	49
111270100255	14
111270000153	58
111270000104	111
111270100239	117
111270100254	40
111270100256	19
111270100257	18
111270100260	13
111270000148	28
111270000207	104
111270100253	25
111410000074	74
111410100298	13
765001000013	12
111410000161	83
111771001543	40
110640000260	114
110640000295	84
310090000010	30
111771000979	58
002081000032	277
002061000428	100
002061000309	14
002061000291	40
111270100258	41
001091000030	5
002061000308	6
111771000944	10
002061000553	12
180020000047	1
001081000042	6
002081000057	44
001051000009	22
111771000946	4
111771000945	7
111771000305	190
002061000410	18
008011000013	18
111310100623	42
111310100399	47
111771001164	37
111771000708	4
111771001080	60
111771001147	8
111850000043	31
111850000013	18
111850000011	26
111850000005	137
111850000012	22
111850000036	53
111850000001	44
110770000021	124
110770000096	214
110770000041	88
611121000172	8
111310100645	3
111310100568	10
111310100400	24
111840000001	18
111410100297	12
111170000150	22
000511000282	332
111170000038	115
111070000840	14
111070000782	26
111650000134	84
111650000126	66
111650100172	30
111650000281	66
110640000168	140
111380000155	40
111771001020	7
003021000033	36
003021000100	27
003021000073	48
003021000065	40
111290100617	59
111290100618	9
111380000220	30
111170000284	13
111410000073	30
111380000218	61
111410100350	7
007011000607	46
007011000337	82
110640000203	376
111170000219	42
001051000010	48
220220000088	10
111830000013	57
110650000535	26
220220000010	12
002061000135	42
150510000002	26
150510000008	42
220220000008	12
110650000679	139
111650000231	166
111660000006	31
611121000363	30
111771001473	20
003021000052	15
111070100941	86
110640000198	138
111070000905	91
111070000629	75
111070000630	56
611121000161	24
002111000015	6
110650000771	32
111310000127	300
111290000551	33
110650000798	152
110650100526	67
110650000524	41
110650000577	86
110650000505	27
110650000502	34
310300000012	19
310300000002	22
310300100032	48
310300000008	25
310300100035	39
008011000039	669
180031000020	35
111290000248	128
111850000002	49
111310000396	69
111310000355	29
111310000356	16
111310100659	7
111310100621	1
111410100349	21
111310000512	32
111310100462	23
111310100470	12
111310100473	9
111310100472	11
005031000062	36
111290000489	141
111771000848	2
111130000340	46
003031000007	11
005021000137	15
005021000146	26
611121000208	12
111410000294	28
111410100159	34
111410000119	100
111410000154	56
111410100315	38
111410000314	33
111410100296	9
111410100326	21
111410000138	35
002061000355	7
111310000434	38
111410100301	5
008011000046	10
111310100430	35
111771001027	1
111771001023	3
110640000253	58
002071000049	60
220110000064	39
220110100142	16
220110000014	23
007041000028	2
002061000166	64
002061000434	84
002061000554	51
008011000050	40
111660000003	46
002081000055	25
111771001403	4
180031000015	7
111771001168	8
110650000062	47
220220000105	47
007011000339	53
111170000247	17
111170100232	83
111660000004	15
111130100202	154
111070100894	35
220220000051	33
111970000331	7
111970100552	70
111970100506	89
111070000553	68
111970000497	40
111970000496	51
005021000001	19
310480100006	67
007011000349	6
003011000012	16
111771000780	153
002061000047	182
111771001145	12
002061000555	159
000511000278	72
002061000007	65
611121000089	39
611121000392	21
002091000018	33
002061000567	43
002061000100	38
111771000687	12
611121000174	26
111771001187	21
001061000014	27
005031000061	11
110650100621	76
111380000050	12
111170100286	14
001041000008	8
110650000555	89
002061000363	65
001041000035	6
007011000520	13
111270000127	80
110640000183	159
111410100347	14
111410000117	63
111380000188	17
111380000025	22
111380000123	9
111380000060	16
005031000063	43
005031000042	7
005031000004	26
005031000030	166
111850000006	130
002061000437	76
110640000093	174
110830000002	16
110650000552	87
110650100650	49
110650000196	30
111970000346	25
111970000347	19
111970000636	37
111970000704	17
007061000023	117
611121000069	95
002061000325	11
002061000139	23
000511000105	4
000511000133	7
000511000195	22
000511000193	5
000511000197	7
111970000332	77
180041000004	39
111070100940	48
111310000250	97
611121000216	15
111310000163	31
001061000018	22
111130000497	57
111170000086	74
111170000089	32
111170000302	14
110650000441	52
111650100183	24
111410000261	48
110650000600	62
111310100469	16
007031000023	8
111410100302	144
111310000369	162
110770000080	67
111310100474	16
110640000188	69
111170000119	55
111970000367	76
111270000111	145
111170000064	18
111130100511	31
005021000063	12
611121000120	10
111170000085	141
111170000559	40
002061000416	12
111930000001	5
111170000548	281
111070000682	56
110640000415	150
111310000521	140
110640000413	164
111380000224	171
111410000309	72
111970000779	89
111770001236	18
111770001200	30
111070000870	130
111650000299	56
611121000269	27
111070000753	43
110770000127	6
110650000713	30
111970000696	43
111070000734	39
310050000139	35
310050000140	50
310050000138	18
111070000725	50
111070000723	90
220220000132	25
111070000691	46
111170000283	121
110770000102	89
110770000084	77
111170000530	243
111070000932	53
110770100175	181
111970000788	74
111970000786	61
111970000780	16
111770001241	14
111770001202	57
110640000381	32
002061000300	11
002061000474	24
002061000540	28
007011000161	9
111290000510	37
111771000948	11
002061000224	10
111771000726	11
111270000209	124
111771001452	46
003021000028	23
111070000575	58
002061000359	22
111970000513	35
111970000372	29
002061000094	19
001051000037	21
111270000136	45
002061000541	7
111771000476	12
111771000847	13
111310000411	29
002081000008	119
111070000945	217
111270100262	3
111310000294	18
111290100571	7
002061000055	18
002061000060	82
111771000651	32
111380000156	34
180031000012	23
007011000338	25
007011000340	47
007011000354	12
007011000413	7
111130000402	19
111070000677	28
150100000010	50
110640000193	30
111771000823	32
110650000448	77
111771001448	35
111130000373	43
111070100541	17
111070000531	16
007011000310	4
007041000024	7
007021000077	11
007021000053	4
007011000049	60
007011000311	3
007021000027	29
110650000069	25
110650000197	48
007011000052	62
007011000394	5
007011000545	9
007011000395	4
007011000028	2
007011000389	10
007011000567	23
007011000388	11
007011000251	3
007011000522	5
007021000065	4
007021000063	9
007011000590	1
007011000387	19
007091000003	9
220110000143	7
220110000058	10
007011000528	5
007011000526	4
007011000524	4
007011000492	18
007041000026	7
007011000320	1
007011000327	1
007031000022	4
007041000030	3
007021000035	15
007031000001	15
007031000011	13
007011000442	1
007011000308	2
007041000022	2
007011000275	1
007011000075	4
007011000376	8
007011000374	3
007011000377	6
007011000326	2
007011000322	1
007011000443	3
007011000055	4
007011000063	2
007011000061	1
007011000316	1
007011000314	1
007011000312	1
007031000015	1
007031000014	1
007031000008	1
007011000303	4
002061000362	41
002061000126	25
002111000036	19
002131000005	6
002061000189	24
002061000270	29
002061000546	25
111380000171	16
002081000061	58
111170000163	28
002111100018	1
002011000073	39
001131000027	23
002061000354	76
002111000037	9
002011000034	11
111970000827	21
111170000484	89
111070000901	59
111650000248	76
111970000692	10
111770001233	12
220010000289	33
110910000131	15
111970000836	12
111170000520	58
220220000158	98
110640000355	75
110640000382	109
111970000781	31
111070000666	30
111070000667	19
111860000031	72
111810000030	19
111770001230	23
111770001235	16
111770001234	13
111770001231	5
111770001240	22
111770001232	4
111970000855	119
111770001370	106
111970000806	49
110650000670	14
111650000384	99
111170000501	14
111970000553	28
002011000059	28
002011100061	10
002011000013	6
002091000008	57
002071000029	32
002061000203	21
111771001509	32
002011000055	57
002011000074	29
002151000004	12
111070000601	40
110640000195	123
110640000287	82
111070000286	41
111070000424	45
310300000005	36
111070000841	49
111850000003	35
111850000041	44
110770000070	279
111130000283	36
110640000232	55
220220100125	95
110650000067	13
111310000403	19
110770000028	81
111650000132	82
111310100404	39
111310000392	44
111850000010	60
111850000009	16
111650100253	44
111170100291	9
111380000219	19
111380000101	8
111380000082	5
111380000121	100
111130000427	85
111660000001	127
111970000588	32
111170000131	25
111170000103	2
111380000087	56
111290100639	4
111170000142	17
111170000106	25
111170000504	20
110100000014	30
220220000084	18
001131000034	13
001131000024	8
001131000023	3
180031000006	9
001131000022	17
003021000111	21
003021000105	5
111900000005	19
111170100442	26
005021000126	1
005021000100	8
005021000024	9
220010000175	8
005021000108	20
002061000345	8
003021000037	9
002061000228	201
111970000363	10
150510000003	22
150510000005	39
111970000383	56
111970000467	7
110650000731	26
150510000006	42
150510000007	37
150510000009	47
150510000004	15
150510000001	18
007061000005	3
002081000001	144
002061000062	41
002061000323	61
111771001009	72
002061000399	4
002061000400	11
002061000263	155
180040000016	53
111771000712	35
111771000967	34
002061000324	28
002061000550	46
002061000423	3
002061000281	31
002111000054	8
111771001024	1
002061000348	66
111771000593	20
111380000210	22
002071100019	3
180031000010	36
110650000616	21
111170000451	44
111310100626	14
220220100036	31
111130000312	141
111850000033	34
220110000035	12
007011000555	16
111290100585	22
111270100242	152
111771000898	24
001051000001	19
001051000014	6
111771000797	108
005021000182	5
005031000031	68
001041000014	9
002111000013	7
002111000040	17
002081000056	46
005021000101	5
003031000003	19
003031000022	13
003031000001	26
008011000053	24
003011000003	5
111310100551	9
000511000252	5
000511000186	1
005031000041	10
005031000040	55
005031000036	211
111130000527	25
002011000032	10
000241000016	5
000511000255	15
000511000238	49
000511000045	5
111970000579	23
111970000468	66
002081000038	61
111410100316	15
002091000002	18
000511000034	43
007021000046	20
007021000082	6
002121000004	3
111650000264	17
611121000348	12
180020000030	3
180020000043	24
008011000063	21
001041000013	2
000241000001	7
002061000232	12
111270000238	61
220220000100	2
111380000127	43
111170000226	2
111771000762	16
611121000358	160
001041000020	12
111170000216	34
111170000218	46
111170000257	16
111170000241	27
111290100609	15
111970000578	32
111070000500	18
111850000004	267
111170000113	34
111900000001	34
111070100948	5
111070000950	1
111170000555	46
111380000011	13
110770000179	6
110770000180	2
110100000019	1
111380000052	11
111380000074	2
111380000092	14
111380000233	6
111380000182	6
111380000146	10
002061000310	18
002061000171	11
002061000169	9
002061000497	25
002081000036	51
120100000003	22
111771001511	24
611121000285	19
111130000711	853
611120000386	36
111970000772	18
007021000045	8
111130000610	11
220220000130	13
111380000209	33
111170000295	28
111130000701	90
111310100463	46
111070000783	9
008011000032	14
111970000686	16
110910000134	20
111830100030	17
611120000312	13
111290000466	28
111771001040	88
111771000649	10
110650000460	83
611121000229	42
220220000071	133
111410100322	21
111310000511	56
611121000401	83
120100000016	61
111650000360	45
611121000260	41
110770000098	144
111970000851	87
111660000005	47
110640000191	33
111970100845	251
111170000546	24
004031000001	17
110640100395	138
003031000018	19
111170000035	56
111830100035	14
111380000147	18
002061000519	39
002061000097	90
111771001515	16
001081000002	13
111771000982	5
001051000004	31
111771001407	29
220220000006	28
111650000343	19
110770000134	42
000511000102	43
611121000170	19
611121000373	7
111410000196	49
611121000184	6
000511000126	7
000521000008	22
000521000030	7
000511000163	1
000511000156	2
000511000256	7
000511000130	2
000521000019	29
611121000201	13
611121000182	17
000511000196	11
000511000204	2
000511000207	3
000521000015	9
002061000247	6
110640000065	175
111270000117	114
005031000038	14
111380000148	10
111380000048	9
111380000047	21
111170000136	149
110640000299	119
111860000005	8
220220000020	101
008011000005	17
111771000922	9
111771001170	7
001081000018	5
002061000106	24
111771001305	26
111170000499	61
007011000150	7
001051000030	12
000511000228	32
000521000026	12
002071000033	20
611121000062	24
002051000008	14
002111000003	16
111771001010	29
111771000714	14
002071000040	55
120100000006	34
002061000422	6
111070000596	21
111070000883	14
111070000900	50
002061000134	85
220220000123	8
611121000375	24
110650000699	49
170010000583	12
002060000384	44
002060000373	18
110650000708	22
002060000381	22
002060000382	29
002060000383	35
650000000393	12
170010000568	26
110650000715	28
111771001108	25
110650000782	68
220010000294	48
170010000578	18
008011000012	10
000511000159	5
000511000264	7
000511000113	7
000511000111	1
000511000017	2
000511000172	16
000521000023	12
000521000013	6
000511000271	7
000511000262	8
111380000170	35
111070000232	34
111070000360	10
111170000240	12
111170000246	50
111170000259	21
000521000006	4
111070000475	37
002061000251	16
002071000035	13
002071000016	10
611121000391	8
611121000302	2
611121000400	12
611121000299	5
000511000268	10
000511000258	6
111170000193	24
111130000528	38
111070000351	30
002061000397	10
002091000017	37
111970000445	51
002061000334	46
111771001016	8
001121000009	13
111771001529	30
001071000012	3
001131000029	10
002011000038	7
002011100076	5
005021000185	5
111771001530	27
111830100018	11
111310100535	19
002011000060	5
002061000393	13
002061000121	30
111270000109	103
111850000044	127
111130000245	32
111130000244	17
111290100514	18
110650000461	48
111970000561	33
111771001506	8
110640000153	98
111270000191	29
002061000199	26
000241000007	10
111410000177	2
111410100330	12
220010000139	46
220010000258	8
220010000262	1
220010000171	4
220010000241	3
220010000279	3
220010000263	3
220010000317	9
004011000016	9
111310000267	64
111771101382	52
111771000650	14
111771000624	2
180041000005	31
002061000080	16
611121000265	19
611121000063	4
002061000425	17
002061000220	19
111070000566	30
111170000545	36
111070000359	30
111290100638	17
111070100280	179
111970000876	244
111130000709	98
111070000265	28
111070000267	22
650000000390	10
002061000075	6
111650000142	34
111290000470	68
111970000866	120
111970000760	38
110650000758	32
611121000377	18
111130000628	9
110650000777	45
002061000280	34
002061000262	50
111070000543	37
002111000033	5
111910000004	30
001091000033	55
001091000032	28
001091000022	5
111910000003	22
111771000833	7
111310100550	35
111130000552	41
111130000401	31
003021000113	12
003021000048	34
002061000565	25
111771000767	12
111270100265	46
111270100261	12
111270000112	53
111270000134	34
110650000407	16
005021000004	12
005021000046	3
002061000056	61
002071000015	16
111970000499	22
111970000519	16
111070000595	53
007011000473	11
007021000091	117
003021000103	32
008011000042	32
005031000009	17
005031000008	26
005031000012	1
150100000012	53
001131000021	5
001131000009	4
001131000032	17
001131000010	35
007051000041	1
111270100270	9
007011000608	144
110830000001	2
111070000338	38
111170000212	34
111170000109	30
111170000048	45
111170000111	21
111170000229	16
111170000110	17
002061000506	10
002061000503	21
000521000024	17
002061000477	13
005021000067	1
005021000018	12
005021000017	6
111070000897	103
611121000376	40
110910000168	34
111270000229	30
611121000341	13
110650000714	10
111970000626	14
611120000311	35
611121000313	11
111290000548	63
611121000241	32
220010000255	16
650000000381	25
111970000842	30
611121000333	21
220220000129	12
007011000362	23
007011000359	20
007011000368	17
111290100589	14
111290100583	18
111290100581	6
111290100658	3
111310000431	20
111290100651	12
111310100572	4
611121000114	76
002061000498	21
002061000320	20
111290000372	73
002051000007	8
111310000371	28
111310000284	49
111310000023	43
111310000218	33
111310000196	71
111310100560	25
310480100008	20
111771000849	2
111830000015	11
111410100303	96
007011000582	10
007011000581	11
007011000157	14
765001000009	19
111380000157	6
002011100075	14
002111000039	6
002111000038	9
002081000013	45
111170000155	22
111070000862	54
111270000033	156
111270000135	108
111771000843	22
111070100747	16
001101000008	14
111070000282	23
220010000118	12
111771000729	15
001101000006	10
002061000484	8
220220000115	21
111130000386	16
001101000014	9
111170000161	22
111410000156	23
611121000215	9
111970000551	10
611121000197	27
110770000061	204
110640000115	69
110640000116	108
001091000006	17
220220000135	50
170070000012	42
110640000194	80
000511000083	9
000511000061	16
005021000115	3
220220000012	13
110650000559	12
111970000361	61
001081000010	10
001091000026	3
003021000018	54
003021000019	36
003021000097	24
001121000008	31
001121000007	8
310300000003	51
110650100784	99
220220000007	23
110650000406	14
002061000537	6
007011000386	16
001051000029	20
002071000009	5
002161000020	3
007011000474	21
111310000195	71
111290000379	28
000511000279	52
007021000089	11
000511000275	3
007011000516	20
007011000142	18
005031000015	5
111771000901	10
111170000175	13
005021000105	15
005021000089	8
005031000003	12
005031000001	24
002061000356	12
111070000012	41
111130000281	52
111070000506	6
111970000703	8
111771000832	11
008011000062	21
111310000241	9
310300000011	22
111170000254	14
111771001521	35
611121000403	19
001081000016	4
111771000779	33
002161000021	29
111771001405	28
008011000037	21
111771000991	5
001051000003	21
180031000014	12
001101000005	18
111771000919	17
002061000413	12
001081000014	2
111771001154	9
220220000076	10
110640000234	85
110640000070	78
008011000016	8
008011000059	16
008011000034	42
150100100026	66
111170000556	33
110640000235	45
111170000264	74
310090100025	9
111410000230	14
007011000417	11
007011000421	7
007011000419	6
007011000336	29
007011000422	8
007011000415	7
007011000536	2
007011000544	43
180030000045	22
180031000002	36
111771000931	12
005021000180	10
002061000412	28
111310000208	40
002061000172	10
111290100567	9
001051000031	32
001081000025	13
170070000010	63
002061000066	26
002061000219	31
002061000357	51
111170000099	30
000511000123	28
000511000097	6
000511000099	3
000511000103	3
000511000089	6
000511000088	3
000521000025	21
110640000114	90
111070000845	54
005021000149	20
111070000844	81
111830100031	18
111650100260	11
007011000483	12
111771001004	5
007011000345	2
008011000058	7
008011000066	26
008011000057	16
003021000060	53
111771001434	5
111970000856	5
111771001113	35
111770001363	48
611121000246	13
111170000158	21
111290100563	48
000511000194	3
000511000192	2
000511000101	12
000511000107	3
000511000106	3
000511000096	5
000511000110	3
000511000122	2
000511000173	2
000511000112	6
000511000114	12
000511000104	1
000511000125	4
000511000174	1
000521000010	9
002061000405	19
111771001486	5
002081000039	55
110650000259	71
111270100259	3
005021000091	11
008011000035	46
111270000130	100
008011000052	36
005021000016	7
005021000006	10
005021000005	17
111270100268	40
002161000009	53
111771001146	22
111771001523	11
111771000921	16
180040000011	7
002051000009	15
002051000010	4
002061000394	4
002151000022	7
170020000001	19
611121000074	27
611121000131	7
002011000053	6
000521000037	29
111310000490	62
001081000017	14
001041000034	13
110650000068	13
150100000006	46
150100000008	46
150100000005	24
001081000041	10
002151000007	3
111771001047	20
002061000317	27
111310100593	5
111830100021	6
111830100022	15
111830100020	6
111830000016	8
310300100037	23
111771001525	5
111771001542	13
111771001480	3
111070000576	23
002081000014	37
000511000185	3
002051000012	4
111771001504	16
002111000004	5
002111000055	13
002081000050	8
002141000009	12
002131000007	2
007011000604	114
007021000048	4
007021000052	2
007011000317	1
111290100627	4
000511000032	3
000511000028	10
002121000028	3
002121000050	5
002121000026	8
002111000029	2
111070100944	46
005021000187	14
001051000008	12
001051000007	23
111170000208	29
111170000265	24
111070000618	6
001081000038	7
111170000270	9
111771001406	11
111771001474	37
220220000032	16
001101000002	14
003031000023	3
003031000005	10
765001000015	22
005021000110	3
005021000111	5
005021000042	7
005021000090	4
005021000125	15
611121000144	30
007021000071	1
007021000092	30
007021000056	5
111310000248	111
005021000131	12
005021000123	9
002091000022	4
005021000072	7
310300100033	50
111290000474	22
002061000254	17
111290100570	7
002061000277	12
002061000227	5
111130000315	10
180031000011	10
001051000035	6
002071000045	7
002071000042	24
002071000039	15
111970000670	11
110650000701	15
111970000734	17
220010000278	30
110910000152	22
111970000714	32
111771000996	7
111070100308	73
111130000192	54
111130000191	22
111130000341	14
111970000687	60
008011000008	13
111290100600	12
111290000476	29
000511000257	4
111070000749	38
220110000145	13
220110000100	14
220110000098	1
002061000516	19
111310000479	81
319980000120	32
319980000085	74
611121000322	32
177770000021	35
002081000026	20
002061000082	51
111771001517	37
001091000007	11
111170000292	34
111170000054	9
002111000053	13
111771001307	12
002091000031	11
002111000031	5
611121000264	14
000241000014	6
002061000535	18
003021000042	45
003021000022	26
002061000543	29
002061000539	7
002061000538	4
111771000601	1
180031000005	26
180031000004	22
180030000039	6
111130000282	27
111410100310	27
111310100584	8
111310100594	17
111310100547	5
111310100632	5
111310100600	8
111410100334	28
111290000511	30
002061000048	27
001131000025	12
111070100943	8
111070100942	37
111771001389	11
111771000628	9
002061000267	8
001081000044	13
110030000002	86
110770000036	224
111771001482	10
003031000024	6
002061000299	11
110640000180	28
111070000696	12
111290100634	3
111290100592	8
000511000100	9
000511000157	8
611121000307	8
000511000078	20
111170000159	5
111110100035	21
111771000900	13
002061000129	18
000511000277	13
002061000053	30
180040000010	49
002081000006	37
111860000012	36
007021000041	4
007021000085	1
000511000210	4
000511000209	7
000511000190	9
110770000063	126
110770000034	74
002111000028	3
008011000004	17
111860000006	6
111290100648	4
111290100615	17
111290100623	14
111771000608	1
110100000029	29
007021000010	15
007011000367	12
111130000654	22
111130000067	12
111130000066	5
111130100278	18
111290100580	1
111310100634	9
003021000015	136
003021000074	26
003021000014	46
003021000090	14
002061000004	17
111771001540	22
001061000003	12
111771001451	21
002061000505	19
000241000011	24
002111000011	8
111270100222	91
111270100271	23
111270100264	9
111310000444	7
111270100269	15
111771101383	4
111771000916	10
111771001527	37
002061000161	6
111771001544	17
001061000016	5
002111000043	7
002061000144	20
111070000574	24
110640000231	25
111130000339	33
007011000348	9
111771000727	27
111771000928	2
111130000238	24
002061000566	45
002061000101	25
002061000117	13
002061000118	7
002061000273	6
180020000029	3
180021000016	1
005021000147	13
001051000020	30
111930100008	4
110650000313	40
111660000007	27
002061000038	40
005021000064	15
000511000221	8
000511000253	8
000511000244	9
000511000251	2
000511000058	2
005021000023	12
005021000083	20
005021000028	9
005021000022	7
005021000021	4
220110000034	21
002061000377	8
002061000380	7
111070000583	23
111410100346	14
111410100317	17
111410100321	22
111970000874	30
110650000640	12
650000000401	8
111970000709	16
110650000737	33
002061000375	9
111130000681	25
008011000011	17
111840000021	13
005021000142	4
111840000019	23
002061000063	23
001051000018	16
002111000046	12
003021000023	32
003021000007	33
111771001026	6
766000000004	218
110650000632	5
001131000026	3
611121000228	14
001081000032	7
005041000002	17
002061000454	4
111771001539	12
111771000837	18
111771000896	16
111771000918	6
111771000939	5
111771000929	14
111771000902	37
111771000899	14
007021000026	12
220110000140	13
007011000051	21
007011000425	12
008011000006	12
007011000591	1
007011000356	13
007011000332	2
007011000331	1
007011000158	7
007011000353	9
007011000352	8
001051000019	32
007011000435	10
007011000390	13
111290100564	11
220110000138	21
111850000042	45
111310000279	58
001121000011	17
001121000010	19
002061000177	19
002061000170	35
180030000044	16
111310100534	39
111771000890	5
007061000026	5
007061000025	12
007061000004	15
111130000364	35
111771001177	8
001091000017	5
002151000018	4
002151000015	3
111771000915	4
002151000025	5
150100000020	7
170020000002	30
111771000646	17
002061000424	4
002081000009	65
110650000755	10
000511000273	12
005021000186	2
611121000390	23
008011000017	11
111771001050	4
111771000613	16
110910100150	36
111290100594	8
111310100652	10
111310100653	9
001101000012	8
001131000031	14
110650000636	13
110650000792	20
002061000376	10
110650000765	37
611121000337	35
120100000007	12
111070000515	9
111270100266	17
111840000002	24
002111000058	8
000511000233	3
000511000127	4
000511000031	3
000511000029	1
000511000211	4
000511000153	1
000511000142	4
000511000007	1
000511000046	4
000511000006	3
002061000475	11
111771001193	26
002151000005	11
111771001398	20
611121000087	7
111170100173	24
002061000322	19
111970000813	22
111970000811	29
001131000033	23
111771001088	30
111650000359	20
111270000178	14
110650000696	23
111771001105	16
111970000635	9
002061000195	20
111970100848	12
110640000079	132
111830000026	11
007011000470	8
007051000045	3
007011000489	1
007011000447	1
007011000448	3
007011000451	2
007011000238	5
007021000024	12
007011000578	17
007011000576	11
007011000441	5
111771001195	7
110650000272	39
111771000418	44
111650000342	25
007011000423	7
003021000114	19
111070100896	50
111771001109	27
111771001161	20
111070000669	49
111970000863	63
110650000779	30
002061000459	21
002061000378	10
002141000015	4
008011000002	12
120100000021	43
111770001333	55
111770001282	44
110650000641	38
766000000005	113
111290000464	49
650000000384	21
170010000569	11
110650000625	26
111860000008	7
111771001528	18
111771001524	4
220220000087	18
001091000016	19
611121000122	17
000241000012	17
000241000009	7
000521000016	5
000521000031	11
000511000147	2
111130000337	30
111771000913	3
110650000503	33
170010000573	41
220220000128	15
111860000033	2
111850000025	26
110770000126	22
111070000651	56
002061000123	25
002091000034	7
002091000012	26
111290100613	5
111310100477	10
111290100612	2
111290100624	5
111290100610	6
003021000075	11
003021000094	16
003021000058	26
111410000311	12
111900000002	15
002071000032	10
111130000526	21
111410100351	7
000511000108	2
000511000117	1
002011000066	7
111070100919	4
111130000616	16
170010000570	36
220010000253	24
111771001015	12
111771001484	6
003021000112	10
111380000100	25
111070000084	15
111771000730	7
111170000207	50
180040000012	15
005021000141	8
180020000032	9
005021000134	32
007021000028	9
007011000041	5
007011000040	12
007011000042	5
007011000043	4
007011000044	4
007011000047	2
007011000054	7
007011000056	5
007011000060	7
007011000361	20
007011000364	8
007011000365	9
007011000370	9
007011000372	7
007011000373	6
007011000375	2
111830000029	14
111070000825	28
111130000568	20
111170000526	41
111970000105	16
110770000095	73
111810000050	43
007031000005	13
003021000093	27
003021000057	25
111310100548	9
111310100640	6
111310100636	8
007011000557	15
111070000657	23
170020000004	32
111070100915	12
111290100614	18
111771000936	35
111771001536	27
111310100546	31
310300100031	38
002111000041	5
002151000001	6
111850000035	62
002061000077	25
008011000031	48
002121000003	5
001101000013	5
111130000162	30
111771000615	3
002061000312	8
002051000015	4
003031000009	14
111771000717	3
008011000003	40
005021000061	19
111771001150	8
001051000034	10
110640000271	30
008011000036	8
008011000056	17
111290000319	16
111070000750	15
110640000254	71
111070100539	15
111170000067	14
007021000090	2
111380000094	13
005031000046	1
111130000539	34
110640000315	99
111130000362	12
111771001245	5
220220000110	12
002081000052	13
611121000371	5
001081000012	4
111970000550	23
111130000435	38
111771000897	16
111810000044	24
111771001167	11
007011000552	10
008011000025	10
001051000022	12
001051000036	4
007011000287	1
007011000035	2
220110000144	11
220110000002	5
220110000065	11
007011000466	2
007011000465	1
007011000460	1
007011000456	2
007011000453	1
007011000306	2
007011000307	2
007011000304	2
007011000300	3
111170000266	9
002121000013	10
002111000012	14
111771000609	12
111970100750	1
111290100575	2
000241000018	10
110640000190	84
111970000517	37
007031000017	9
111270000230	31
111840000015	34
111380000166	7
111900000004	12
111070000326	26
111771001043	27
005031000002	19
110650000642	38
111170000127	16
111070000598	134
111290100642	5
110030000003	22
111930000007	3
111380000152	3
111130000388	45
005021000103	12
005021000019	4
005021000069	7
005021000068	1
001101000009	13
002061000520	6
111130000697	50
007011000282	7
007011000458	5
007011000123	1
007021000049	1
007021000044	2
007021000088	6
007021000076	6
007021000043	2
007011000026	3
007021000003	2
111771000968	16
003021000040	11
003021000064	23
007011000346	8
007011000343	8
310300100036	29
005021000143	9
111970100359	35
004011000011	21
007011000360	13
007011000366	8
004011000013	5
001081000001	14
000511000259	7
111310000281	27
111170000271	23
111170000245	11
001041000006	3
007021000036	25
007011000553	9
007011000546	18
007011000556	14
007021000011	13
007021000029	7
007021000034	1
007021000042	10
002061000162	8
310050100188	3
002141000005	3
111840000020	14
002061000485	8
111771000585	7
111970000516	30
002061000533	10
001051000026	7
111070000936	21
110910000171	12
001081000008	2
220220000059	19
111290100619	20
111290100593	1
007011000036	2
007011000034	2
002081000028	25
111310000395	46
005021000036	5
005021000008	7
111310000221	1
111290100611	2
000511000152	7
111410000167	18
111310000336	18
111310100475	7
111310100540	10
111410100323	27
111130000216	23
002141000016	3
002141000006	4
002151000006	9
002111000032	18
111771001449	16
002061000290	4
002151000021	3
110640000286	34
003021000063	33
002061000547	5
111771001400	2
003021000024	29
180030000034	9
180030000050	16
111290100562	8
111771001008	3
111070000914	10
003021000099	8
111860000022	19
111810000033	24
001081000043	3
110910000160	32
111810000036	25
111310000372	16
110650000501	42
111270100273	14
111270100272	9
111310100478	4
220220000141	129
002111000005	4
111070000228	27
002061000338	15
111410100340	35
111410100345	8
005021000034	7
003021000084	23
000511000154	1
002061000163	12
002081000051	6
002051000018	6
001071000013	7
001071000014	2
002061000401	6
111310100579	1
005031000055	10
005031000044	3
005031000011	4
111771001481	3
111771000893	15
111310000397	21
170010000574	9
007011000515	19
007011000560	14
007011000558	9
110640000189	35
111170000503	13
111270000180	20
611120000396	23
000241000010	5
002061000552	2
002061000258	16
111310000513	14
319980000119	43
008011000010	17
111290100566	7
310050100171	1
111070000736	16
003021000092	13
003021000059	13
003021000091	12
111771001526	18
001081000040	14
111070000557	21
007011000045	3
007011000048	23
007011000050	30
007011000053	16
111930000005	5
111771001446	5
002061000127	21
002061000153	6
002111000014	2
002081000003	13
002071000043	17
002131000002	2
000511000180	2
111771001306	11
111771001436	7
111170000276	8
220220000082	3
000241000002	2
000511000272	7
005021000138	13
180020000036	8
111860000021	28
003031000021	16
110650000678	19
110650000797	4
110640000273	29
002071000007	24
000511000260	10
000511000158	4
001041000016	3
001051000023	11
111771000632	11
111270100249	11
111310100638	6
111310100553	3
002061000152	4
111310100542	7
002061000364	8
111310100552	2
111270100250	20
002061000470	17
111771001541	19
002051000005	5
005031000037	7
111410100312	9
611121000173	6
111290100655	8
005021000084	6
002061000240	6
111290100626	11
007011000428	5
007011000369	34
110650000500	21
111110000032	10
111290100568	6
005021000188	17
005021000062	9
111310100537	16
003011000004	9
008011000014	7
005021000183	5
111410100332	26
111771000908	2
111771000612	3
001041000021	9
002011100072	6
007041000025	1
111970000868	4
002061000499	4
111771001041	14
111310100654	13
110030000004	16
007011000501	2
007011000500	1
001121000006	10
110640000071	64
111290100590	6
111070100893	28
111310000374	29
110650000599	7
111410100338	21
008011000051	4
180040000008	27
007011000276	25
000511000222	7
765001000012	19
111771000590	27
111771001178	11
110650000618	17
004011000003	22
004011000004	36
004011000008	12
002111000056	5
002121000012	2
007011000431	6
002051000016	1
111970000075	15
005021000114	6
005021000104	9
111170000171	19
002141000003	7
111840000023	9
220010000285	1
002061000465	18
002151000028	2
005041000003	8
001091000034	4
001091000031	5
003021000076	6
002061000096	9
111771101437	4
150100000003	11
111771001166	4
002061000453	9
002091000020	21
002091000026	5
002061000197	10
111970000833	29
111771000716	3
004011000007	26
004031000002	3
765001000017	27
001081000005	4
007011000583	3
001131000002	21
007011000342	11
002091000035	13
000511000229	9
111310100639	8
001041000005	3
111070000248	15
111170000285	10
220220000101	4
005021000145	4
180020000038	14
180020000052	2
180020000048	3
111130100387	26
111771101395	22
111771001151	12
001071000019	19
007021000086	2
003031000019	30
001091000027	20
111130000561	29
007021000093	14
002121000027	5
111771000986	6
001111000003	6
001111000007	4
111650000383	6
007011000554	8
003021000082	11
001081100033	1
002061000563	10
111310100554	7
007011000569	53
002071000044	4
111771001152	13
007061000021	15
003021000095	6
003021000041	12
111130000411	2
111771000648	5
111771000623	13
111771001391	11
005021000055	4
007011000038	2
007051000050	3
003021000098	4
002061000551	4
000521000017	16
000521000014	8
111110000033	7
007051000053	1
111970000837	22
003021000066	28
111130000257	24
111270100263	7
111270000172	1
000521000011	8
111860000018	9
110910000151	18
220010000292	3
007011000062	10
007011000057	9
007051000039	9
007021000022	2
007011000046	3
002061000102	10
111771001404	13
001081000037	15
001051000028	8
003011000006	5
111310100642	6
002061000483	2
000511000082	13
110650000624	9
111771001011	16
002141000007	2
002151000027	3
005021000155	3
008011000009	5
000521000004	6
001081000036	14
111771000907	2
002121000019	13
111070000416	15
007011000139	7
007091000002	18
111310000359	13
005021000003	3
002061000564	12
111170100287	13
007061000001	6
111970000809	10
611121000283	19
111170000145	16
002061000350	10
000511000042	4
310050000141	35
002061000532	5
111650000378	3
002061000160	13
002061000421	3
002061000313	6
002081000045	11
002011000051	9
008011000001	21
111310100602	3
111771001053	16
007011000580	10
111771001454	14
111771000987	3
111380000046	6
111970000617	4
111310000370	12
111771001487	10
111771000718	8
220010000068	9
765001000010	21
002061000455	6
111771000838	11
000511000267	11
000511000266	7
000511000265	5
111930000004	8
111310000455	6
111290100625	7
111290100595	5
111290100598	9
111650000236	1
120100000008	13
007011000378	9
007021000040	1
007021000033	2
111310000382	10
001081000020	4
001041000015	11
007011000517	4
007011000564	5
111850000022	21
002111000007	6
001041000019	43
001041000010	3
111270100234	17
004011000009	3
111310100625	9
002061000165	9
005021000189	2
005021000049	2
002061000046	7
111310100525	6
111310100524	1
111310100630	8
111310100629	6
002061000183	6
111290100641	11
004011000017	7
002061000151	7
001081000019	4
005021000113	3
002071000010	11
002061000414	31
111810000038	22
170010000558	3
007021000075	2
007021000072	1
007011000572	1
111310100587	14
111310100585	5
180040000013	16
002061000231	2
002091000027	10
002091000009	8
111970000869	3
111970000744	11
005021000071	7
003011000008	5
002071000037	7
111310100599	2
007011000463	1
007011000459	4
007011000113	1
007011000129	2
110770000163	2
111270000177	10
001071000009	4
766000000007	29
111770001467	1
001051000033	4
111310000278	36
111170000102	13
111771001518	2
111310100661	2
111310100662	1
111290100572	8
111310100527	7
111310100528	11
007021000064	4
007021000055	2
111070000251	20
002051000003	3
001051000005	6
005021000132	4
111070100898	38
180030000033	7
111070000361	15
319980000106	51
319980000077	38
111070100639	8
150100000004	5
005021000077	4
005021000109	6
005021000059	2
005021000088	3
005021000096	3
003011000001	19
110650000666	18
111970000376	10
111771001028	20
111810000048	7
002151000026	1
765001000016	10
765001000011	18
765001000014	13
005021000073	12
007011000467	13
611121000288	5
220010000291	9
111130000462	21
111170000344	16
111930000002	3
001131000030	9
001061000015	10
111310100571	6
005021000163	14
001101000003	4
002061000418	10
111771000909	12
220110000149	4
002151000002	6
002121000009	3
111070000722	17
111771000985	3
001101000001	6
001101000004	2
008011000018	34
007011000579	15
007011000575	21
002121000001	2
111310100586	6
111810000029	9
111130000510	11
111310100655	3
005021000148	5
180020000034	8
005021000133	22
005021000135	4
005021000140	8
002061000391	3
002061000111	5
000511000036	5
000511000263	9
000511000149	5
111771001397	8
111070000246	10
002061000395	5
111771000926	3
111290100656	5
765001000018	8
111771001302	6
001101000007	4
111771000886	14
003021000096	8
220010000195	21
111070000880	12
007011000469	4
111771000841	4
111290100643	4
007011000341	6
002061000342	6
003011000002	12
111290100657	2
310090100022	6
111070100581	32
111310100631	7
111771001401	4
000511000276	5
000511000144	5
001131000013	3
001131000008	5
111771000657	8
111771000834	8
111130000343	16
001071000024	2
002151000019	5
000511000165	9
000511000187	2
000521000009	19
000511000166	2
001081000015	3
001081000009	3
003031000008	13
007011000577	11
111070100828	1
111070000532	20
002061000562	8
002051000014	2
002061000486	3
003031000010	1
002061000544	8
111070000462	5
111070000316	9
111310100624	4
001051000016	6
002121000017	8
002121000010	1
111310000405	19
111310100633	8
111310100605	9
111310100603	5
002061000349	12
111410000333	12
000511000134	1
000511000167	2
000511000200	2
000511000199	2
002061000054	15
220010000315	5
111771000827	3
111771000889	3
111310000398	32
111310100558	5
111310100559	6
001131000006	26
319980100125	3
111771000951	2
002121000049	4
111771001090	1
001091000028	3
000511000033	7
003021000086	5
111970000797	1
111970000828	1
111130000529	12
003021000012	5
111380000081	2
111771001447	9
310300100034	22
007011000521	4
007011000519	3
001091000004	1
001091000005	9
111771001000	8
003021000085	3
001051000024	1
111771000719	6
000511000213	7
002061000419	3
111310100608	3
310090100024	3
111070000757	4
002051000006	10
000511000239	2
111290100582	3
310050100173	2
310050100174	2
005021000124	6
000241000006	4
000511000148	3
002071000012	1
111771000591	7
111840000025	2
005031000047	1
001131000014	6
001131000018	6
220110000005	4
001091000011	1
002061000039	2
000511000205	2
000241000017	1
000511000116	6
000511000140	2
000511000141	6
000511000037	9
111771000884	4
004011000006	3
008011000044	6
111290100599	4
110650000639	8
111650000297	9
000511000124	1
000511000188	1
111771001014	5
110650000539	7
110910000153	9
111110100036	24
000511000170	1
000511000118	3
000511000121	1
000511000208	1
000241000013	3
002061000006	11
111130000590	1
111410100299	12
000511000098	1
000511000119	2
007061000015	3
111290000558	1
111070000578	6
111310100533	6
000511000073	10
220010000268	1
007011000371	6
007051000052	1
007011000391	2
220010000293	6
111970000852	2
110650000780	1
001061000017	4
001061000019	4
007011000072	1
007011000493	1
220110000025	5
003021000043	12
007011000183	1
111771000906	10
007021000051	1
220110000062	5
111310100532	10
002011000049	4
002121000008	2
002081000016	13
110650100498	3
111771000937	8
007021000087	1
007021000081	1
007021000073	1
007021000030	1
111771000763	7
111771000764	11
002061000389	2
002061000182	9
220110000044	12
007011000064	3
007011000392	1
111290100633	6
111830000028	4
766000000002	62
111771001444	6
111170000129	11
111170000194	13
111830100034	9
111830100033	15
111270100252	8
111310100440	7
111310100439	5
111310100437	5
111310000335	6
111130000415	6
002061000353	10
111170000502	6
005021000054	3
000511000129	1
180031000013	17
220110000023	9
007011000231	1
007011000429	5
007041000015	5
002111000010	3
111130000300	11
170010000537	12
180041000002	9
111970000778	1
007011000510	3
007011000475	3
111860000034	1
000511000035	2
001101000011	8
111071000682	4
111170000236	4
111170000178	1
111170000179	1
111170100196	1
111170000090	1
111070000621	24
111380000164	2
005021000144	15
111310100438	5
111410100348	6
111290100588	13
111610100084	1
111310100539	4
111310100658	9
111310100545	9
111290100591	2
001091000024	1
002151000017	5
111830000024	3
003031000025	2
111310100529	7
111310000280	7
111310000240	6
003021000089	4
111310100620	5
111771000835	12
111771000912	2
111771000622	8
111310100590	3
007021000013	7
002061000409	5
110910000139	6
111310100609	1
007061000003	3
005031000058	2
180020000035	1
002091000019	7
005021000191	4
007051000004	3
000521000012	9
765001000008	11
007011000600	2
001131000017	3
111290100561	3
001111000009	2
111970000507	12
111290100565	5
001091000020	2
001081000026	1
111840000024	6
111070000415	6
007011000168	1
220010000117	8
611121000118	5
611121000057	4
111290000451	9
007041000035	2
005021000053	5
000511000201	1
111970000846	2
000511000169	5
111270100248	11
001131000011	2
001131000004	6
001131000019	3
220010000300	2
002061000507	8
111771000709	5
002121000005	2
111810000016	2
310050100172	3
111070000503	6
111310100588	17
111771001478	2
000511000002	2
000511000231	2
000511000179	2
111610100083	2
180030000036	5
007011000525	1
111771000920	4
002061000542	12
111070000472	7
111310100635	5
111310100589	3
111310100607	2
002061000487	5
001101000010	5
111130100480	8
000511000191	3
002121000029	3
220110000153	2
310090100020	4
007011000506	3
111770001371	5
766000000001	14
766000000003	11
611121000202	3
000511000202	4
002061000346	3
002061000347	4
111290100647	3
150100000015	6
111771001472	8
007011000471	5
111770001459	2
310090100023	4
111290100608	9
111290100606	6
007061000011	4
220110000004	6
111290100602	6
002071000028	4
111310100578	1
111310100576	1
111310100577	1
111310100574	7
007021000016	1
002071100021	3
002061000365	4
111310100646	2
111170000497	1
111290100628	5
310050100163	1
310050100165	1
111771000990	2
005021000136	4
007011000406	1
002061000218	4
220110000055	4
220110000001	2
220110000006	4
220110000076	2
220110000066	5
310050000142	13
002061000072	2
002061000223	2
111310100656	3
111310100617	4
111290100650	4
002061000164	2
111770001281	2
000511000043	1
111610100092	1
005021000070	2
111070000284	8
111771000950	4
111070000577	8
111110000010	8
111771001013	5
007061000017	1
111771000658	2
111771000911	1
001081000006	1
111290100604	2
005021000010	3
180021000021	3
001131000001	3
111771000627	1
007041000034	3
005021000184	5
111650000377	1
111771001007	7
111771001019	3
111771001018	2
111771000989	3
007011000434	4
111310100575	3
007011000480	2
007011000535	1
000511000093	5
111310000159	6
220010000314	3
111810100045	1
220110000083	4
002121000002	5
001081000045	4
002051000017	2
002061000367	4
111310100573	3
111310100570	5
005031000045	1
220110000054	1
111310100583	4
111310100582	10
005031000020	4
005031000021	4
111970000857	1
111970000858	4
007011000563	6
111771001505	5
001131000007	1
001131000005	4
001131000003	1
111070000746	10
111771000766	2
310410000040	3
111170000244	13
111650100227	3
111771001070	6
000511000232	2
000511000234	2
111771000664	1
111771000662	2
111270100267	5
002151000023	4
001061000004	3
111310100555	4
002121000030	3
111290100644	2
000511000269	4
007011000414	2
000511000160	1
001091000021	4
005021000116	4
111970100843	1
111270000236	1
111310100612	5
002061000057	1
000511000168	3
111380000231	1
007021000050	3
007011000319	1
007011000511	1
005021000121	3
005031000052	4
111170000022	4
007011000573	1
002061000156	2
007021000002	1
002141000022	3
111070000083	16
111771000999	1
004011000015	3
003011000009	3
007011000355	4
111610100078	4
111070000867	1
111771000595	4
007061000002	1
007011000482	2
111771001159	2
002091000016	1
310050100161	1
005021000087	1
180020000055	4
001051000025	5
611121000189	1
319980000065	42
007011000457	1
007011000227	1
111771001445	5
111771000981	1
002061000190	2
111110000048	8
001081000030	1
002061000351	2
007011000347	3
002141000017	1
111310100627	10
111310100523	4
002061000452	7
000511000001	1
111310100613	5
310050100168	1
002121000051	5
111290100574	3
111070000587	1
002151000024	2
111290100646	4
180030000037	1
005031000056	3
005031000016	1
111310100597	2
111310100637	9
220010000200	3
220010000093	2
111771001172	4
005021000060	3
111771000887	3
111900000003	7
001091000019	4
002151000016	1
111310100567	3
007011000039	3
005031000022	3
007021000084	2
111310100536	3
005031000024	1
002061000029	1
005021000167	1
111771000706	6
000521000027	2
111380000069	6
002061000311	3
220110000048	1
111771000882	5
007011000357	3
111310100581	1
111310100401	10
000241000005	1
002151000009	1
111310100641	3
001131000015	2
004031000003	2
007011000481	2
001061000002	2
001061000006	2
111290100635	3
002141000021	6
111290100632	1
007011000295	2
111771001176	2
111310100628	6
111410100313	2
111771001117	1
110640000369	2
007011000137	1
111070000461	5
111310100592	2
111770001366	1
005021000120	2
111310100604	3
002061000318	4
180020000049	7
111771000257	1
111771000587	6
111310100615	2
111290100631	7
310050100170	1
611121000236	11
007021000054	2
001041000009	2
000511000182	1
002121000018	4
000511000189	1
002111000002	4
220010000142	1
220010000126	1
220010000163	1
001111000001	4
005021000094	2
005021000048	1
111310100565	4
111310100569	2
111771001003	1
310050100189	3
111771000765	2
111771001149	5
180020000057	6
111771000969	8
002131000003	4
310050100190	4
005021000035	3
007011000601	3
008011000047	5
111771001399	2
111771000914	6
650000000396	7
220110000019	7
111771001483	4
002061000295	3
310090100021	6
111771001171	3
008011000029	1
002061000071	1
002061000266	5
180020000059	5
001071000023	3
005031000007	5
001091000035	2
180020000058	1
110650000705	1
111771001157	2
003021000013	3
005021000038	2
310050100186	1
000511000184	1
220110000089	2
111650100270	1
111310100591	3
007031000021	2
111310100531	1
111310100611	2
007011000274	1
111310000522	4
111310100442	1
005031000039	2
007031000016	1
008011000015	3
319980100084	4
001111000005	4
001111000004	10
111310100614	2
111771000611	6
002051000011	3
001091000023	1
001111000008	1
007011000358	3
000511000171	1
177770100040	4
111771000885	1
111771000844	2
007011000073	3
007011000076	3
007011000071	6
007011000066	1
003021000101	5
220110000051	8
111130000706	4
002061000233	2
007011000592	2
007011000594	2
007011000596	1
001071000020	1
111310100606	4
180020000056	2
220110000080	2
007011000427	1
005031000050	2
002131000004	2
111310100598	1
111310100557	1
111970000533	1
004021000004	1
220220000120	4
220110000078	1
000511000086	1
000511000087	1
310050100160	2
111771001396	8
111310000357	3
111310100526	4
005021000119	1
111820000009	4
003031000011	3
310050100169	5
310050100167	1
005031000060	2
111310100622	1
111310100618	3
002061000420	1
111771000984	1
111170100439	1
180020000061	1
002111000023	1
000241000004	2
220110000088	1
220110000082	2
007051000040	2
004011000014	6
220010000211	1
001051000015	6
005031000027	1
001071000028	1
007051000048	1
002071000046	6
005031000023	2
007021000039	2
007011000297	1
001041000017	1
180020000053	3
180020000060	1
111771000938	1
220220000119	2
111290100630	1
001081000029	1
319980100088	1
007021000012	9
007021000017	1
007021000014	1
220110000081	1
310050100185	2
001091000002	2
766000000006	2
002061000198	1
007011000541	1
111650000282	1
111070000673	1
111290100652	1
000241000015	1
111771000994	5
310050100166	1
220010000304	1
111070000903	3
007011000502	1
111290100573	2
110650100685	1
000511000183	1
000511000203	1
220110000135	6
111770001279	1
220110000086	2
007011000179	1
310050100164	3
111070000229	1
000511000084	1
111771000883	2
111290000530	1
001071000026	1
001071000007	2
007021000079	1
007011000472	1
003021000088	4
111170000096	2
111170100202	1
007011000025	1
111770001466	1
111310100647	4
111310000389	3
007021000057	1
111270000170	1
110650000773	1
220010000137	5
111970000751	1
110650000785	2
001041000004	1
001041000003	1
001111000006	3
111310100564	1
000511000094	1
007041000036	1
310050100162	1
111970000762	1
111130000469	2
111771001169	2
220110000073	1
111070000778	1
111310100530	1
111771001442	1
111130000564	1
111290000528	2
111770001331	1
000511000085	6
000511000067	1
000511000220	1
000511000270	3
000511000051	1
111310100556	1
111771000998	2
005021000086	1
111840000007	4
007011000416	1
111771000715	1
000511000176	1
002151000010	2
111130000242	1
007051000055	1
111170100314	1
007011000468	1
007011000136	1
111970000859	2
111070000858	1
000511000155	2
111771001270	1
111070000561	1
007011000405	1
000511000151	1
310050100179	1
111270100237	1
111771001173	1
005031000026	1
111771000995	3
000511000136	1
007021000037	1
007021000083	1
002141000019	1
111771000840	3
001091000003	2
111310100595	2
111110000011	1
111310100648	1
111290000543	1
111650000250	1
220220000155	2
177770000001	1
111270000179	1
002141000001	1
111290100654	1
111290100653	1
111070000869	1
005031000059	1
111170000460	1
111310100464	2
002061000511	1
310050000146	2
310300000028	1
007011000559	1
005021000066	2
111850100040	3
